[{"model": "Sah_User.sah_user", "pk": 10, "fields": {"user_name": "user1", "email": "user@gmail.com", "mobile": "9785453564", "address": "gk my", "gender": "Male", "district": "Indore", "wallet_id": 8, "password": "12345678", "email_verification": null, "created_at": "2020-10-18T23:03:17.400"}}, {"model": "Sah_User.sah_user", "pk": 11, "fields": {"user_name": "UP", "email": "savannah52@jvlicenses.com", "mobile": "9876543210", "address": "UP", "gender": "Male", "district": "Indore", "wallet_id": 9, "password": "qwerty@123", "email_verification": null, "created_at": "2020-10-19T15:15:05.011"}}, {"model": "Sah_User.sah_user", "pk": 12, "fields": {"user_name": "Test", "email": "test112@getnada.com", "mobile": "09770423266", "address": "Goyal Avenue", "gender": "Male", "district": "Indore", "wallet_id": 10, "password": "test@123", "email_verification": null, "created_at": "2020-10-19T15:18:19.651"}}, {"model": "Sah_User.sah_user", "pk": 13, "fields": {"user_name": "demopass", "email": "pass@gmail.com", "mobile": "8102737737", "address": "jvas", "gender": "Male", "district": "Indore", "wallet_id": 11, "password": "pass1234", "email_verification": null, "created_at": "2020-10-20T21:12:36.836"}}, {"model": "Sah_User.user_wallet", "pk": 8, "fields": {"wallet_cash": "60", "user_id": 10}}, {"model": "Sah_User.user_wallet", "pk": 9, "fields": {"wallet_cash": "0", "user_id": 11}}, {"model": "Sah_User.user_wallet", "pk": 10, "fields": {"wallet_cash": "0", "user_id": 12}}, {"model": "Sah_User.user_wallet", "pk": 11, "fields": {"wallet_cash": "0", "user_id": 13}}, {"model": "Sah_User.sah_area_manager", "pk": 7, "fields": {"name": "manager", "email": "manager@gmail.com", "mobile": "9856765677", "address": "bj kjg", "gender": "Male", "district": "Indore", "email_verification": null, "upi": "@@", "password": "12345678", "created_at": "2020-10-18T23:17:08.044"}}, {"model": "Sah_User.sah_area_manager", "pk": 8, "fields": {"name": "Madhu Jain", "email": "neetajain34@gmail.com", "mobile": "9826751850", "address": "140/B Nemi Nagar Jain Colony", "gender": "Female", "district": "Indore", "email_verification": null, "upi": "9826751850", "password": "success$$", "created_at": "2020-10-19T19:07:27.023"}}, {"model": "Sah_User.sah_area_manager", "pk": 9, "fields": {"name": "Divyansh Kumrawat", "email": "divyanshkumrawat123@gmail.com", "mobile": "+91 91318 78834", "address": "140/B Nemi Nagar Jain Colony", "gender": "Male", "district": "Indore", "email_verification": null, "upi": "+91 91318 78834", "password": "123456@@", "created_at": "2020-10-19T20:46:50.122"}}, {"model": "Sah_User.sah_area_manager", "pk": 10, "fields": {"name": "Divyanshu Bagwan", "email": "bagwandivyanshu@gmail.com", "mobile": "+91 99072 03844", "address": "45 abhinav nagar ,near  teen imli square (vishesh hospital)", "gender": "Male", "district": "Indore", "email_verification": null, "upi": "+91 99072 03844", "password": "cse123@@", "created_at": "2020-10-19T21:14:09.348"}}, {"model": "Sah_User.sah_area_manager", "pk": 11, "fields": {"name": "Rajat Jain", "email": "rajatjain41410@gmail.com", "mobile": "7024528111", "address": "865 Sector A Sudama Nagar Indore 452009", "gender": "Male", "district": "Indore", "email_verification": null, "upi": "7024528111", "password": "jainrajat##1234", "created_at": "2020-10-21T15:09:42.136"}}, {"model": "Sah_User.sah_service_provider", "pk": 6, "fields": {"name": "master", "shopname": "xy", "image": "images/master/img4224IMG_20201013_224024_700.jpg", "email": "master@gmail.com", "mobile": "9898967474", "address": "gh vb", "gender": "Male", "district": "Indore", "verification_status": "active", "available_status": "disable", "rating": 4, "float_rating": 3.75, "manager_id": 7, "password": "12345678", "manager_commision": 12, "created_at": "2020-10-18T23:22:26.475"}}, {"model": "Sah_User.sah_service_provider", "pk": 7, "fields": {"name": "Dee", "shopname": "hair.comb", "image": "images/master/img3570index.jpg", "email": "abc@gmail.com", "mobile": "9907203844", "address": "abhinav nagar indore", "gender": "Male", "district": "Indore", "verification_status": "disable", "available_status": "disable", "rating": null, "float_rating": null, "manager_id": 10, "password": "abcd@1234", "manager_commision": null, "created_at": "2020-10-19T21:56:02.375"}}, {"model": "Sah_User.service", "pk": 6, "fields": {"name_of_service": "bread tream", "price": 300, "information": "Cb", "image": "images/master/service/img8677IMG_20201013_224024_700.jpg", "service_status": "active", "service_provider_id": 6, "created_at": "2020-10-18T23:31:06.140"}}, {"model": "Sah_User.service", "pk": 7, "fields": {"name_of_service": "sdasd", "price": 222, "information": "dasdasd", "image": "images/master/service/img9975CS_66.pdf", "service_status": "active", "service_provider_id": 6, "created_at": "2020-10-19T12:23:41.164"}}, {"model": "Sah_User.service", "pk": 8, "fields": {"name_of_service": "hair cut(mens)", "price": 100, "information": "abc", "image": "images/master/service/img2616index.jpg", "service_status": "active", "service_provider_id": 7, "created_at": "2020-10-19T21:57:23.745"}}, {"model": "Sah_User.cartlist", "pk": 149, "fields": {"user_id": 12, "service_provider_id": 6, "service_id": 6, "created_at": "2020-10-19T15:19:22.714"}}, {"model": "Sah_User.cartlist", "pk": 150, "fields": {"user_id": 11, "service_provider_id": 6, "service_id": 6, "created_at": "2020-10-19T15:19:23.777"}}, {"model": "Sah_User.cartlist", "pk": 151, "fields": {"user_id": 11, "service_provider_id": 6, "service_id": 7, "created_at": "2020-10-19T15:19:25.980"}}, {"model": "Sah_User.cartlist", "pk": 160, "fields": {"user_id": 10, "service_provider_id": 6, "service_id": 6, "created_at": "2020-10-21T00:17:16.827"}}, {"model": "Sah_User.cartlist", "pk": 161, "fields": {"user_id": 10, "service_provider_id": 6, "service_id": 7, "created_at": "2020-10-21T00:17:17.464"}}, {"model": "Sah_User.transaction", "pk": 64, "fields": {"txnid": "61863us10ct154Sp6rd90221", "amount_sah": 156, "amount_service": 365, "user_id": 10, "manager_id": 7, "order_data": "bread tream at price300,\nsdasd at price222,\n", "order_rating": null, "service_provider_id": 6, "payment_status": "failure", "addedon": "2020-10-20T12:08:27", "bank_ref_num": "368739934", "order_status": "Payment failed", "notify_mannager": null, "notify_master": null, "created_at": "2020-10-20T12:08:00.460"}}, {"model": "Sah_User.transaction", "pk": 65, "fields": {"txnid": "47499us10ct156Sp6rd37546", "amount_sah": 90, "amount_service": 210, "user_id": 10, "manager_id": 7, "order_data": "bread tream at price300,\n", "order_rating": null, "service_provider_id": 6, "payment_status": "initiate", "addedon": null, "bank_ref_num": null, "order_status": "", "notify_mannager": null, "notify_master": null, "created_at": "2020-10-20T13:48:57.242"}}, {"model": "Sah_User.transaction", "pk": 66, "fields": {"txnid": "66015us10ct160Sp6rd16141", "amount_sah": 156, "amount_service": 365, "user_id": 10, "manager_id": 7, "order_data": "bread tream at price300,\nsdasd at price222,\n", "order_rating": null, "service_provider_id": 6, "payment_status": "failure", "addedon": "2020-10-21T00:17:52", "bank_ref_num": "369057973", "order_status": "Payment failed", "notify_mannager": null, "notify_master": null, "created_at": "2020-10-21T00:17:24.987"}}, {"model": "Sah_User.otp_authentication", "pk": 9, "fields": {"otp": 583685, "category": "Manager", "user_id": 1, "created_at": "2020-10-14T21:33:24.028"}}, {"model": "Sah_User.state_list", "pk": 1, "fields": {"state": "Madhya Pradesh"}}, {"model": "Sah_User.state_list", "pk": 2, "fields": {"state": "Rajasthan"}}, {"model": "Sah_User.state_list", "pk": 3, "fields": {"state": "Maharastra"}}, {"model": "Sah_User.state_list", "pk": 4, "fields": {"state": "Delhi"}}, {"model": "Sah_User.state_list", "pk": 5, "fields": {"state": "Uttar Pradesh"}}, {"model": "Sah_User.state_list", "pk": 6, "fields": {"state": "Chattishgarh"}}, {"model": "Sah_User.state_list", "pk": 7, "fields": {"state": "Gujrat"}}, {"model": "Sah_User.district_list", "pk": 1, "fields": {"district": "Indore", "state_id": 1}}, {"model": "Sah_User.district_list", "pk": 7, "fields": {"district": "Sanawad", "state_id": 1}}, {"model": "Sah_User.contact_us", "pk": 4, "fields": {"subject": "dmeo", "message": "qwuwbdbs s", "user_email": "lytt10021@gmail.com", "user_contact": "9399868779", "resolve_status": ""}}, {"model": "Sah_User.contact_us", "pk": 5, "fields": {"subject": "demo", "message": "qwedtfyghuj", "user_email": "master@gmail.com", "user_contact": "9898989322", "resolve_status": ""}}, {"model": "Sah_User.sah_admin", "pk": 1, "fields": {"name": "Lalit", "email": "lalitpatidar211999@gmail.com", "mobile": "9399868779", "key": "xml7654321#@!", "password": "xmlmvr@21", "created_at": "2020-10-15T11:26:45.907"}}, {"model": "admin.logentry", "pk": 105, "fields": {"action_time": "2020-10-18T21:07:57.609", "user": 2, "content_type": 12, "object_id": "1", "object_repr": "lalyt", "action_flag": 3, "change_message": ""}}, {"model": "admin.logentry", "pk": 106, "fields": {"action_time": "2020-10-18T23:36:08.412", "user": 2, "content_type": 6, "object_id": "35", "object_repr": "transaction object (35)", "action_flag": 2, "change_message": "[{\"changed\": {\"fields\": [\"Order data\", \"Payment status\", \"Addedon\", \"Bank ref num\", \"Order status\", \"Notify mannager\", \"Notify master\"]}}]"}}, {"model": "admin.logentry", "pk": 107, "fields": {"action_time": "2020-10-20T12:38:41.229", "user": 2, "content_type": 6, "object_id": "63", "object_repr": "transaction object (63)", "action_flag": 3, "change_message": ""}}, {"model": "admin.logentry", "pk": 108, "fields": {"action_time": "2020-10-20T12:38:41.299", "user": 2, "content_type": 6, "object_id": "62", "object_repr": "transaction object (62)", "action_flag": 3, "change_message": ""}}, {"model": "admin.logentry", "pk": 109, "fields": {"action_time": "2020-10-20T12:38:41.372", "user": 2, "content_type": 6, "object_id": "61", "object_repr": "transaction object (61)", "action_flag": 3, "change_message": ""}}, {"model": "admin.logentry", "pk": 110, "fields": {"action_time": "2020-10-20T12:38:41.455", "user": 2, "content_type": 6, "object_id": "60", "object_repr": "transaction object (60)", "action_flag": 3, "change_message": ""}}, {"model": "admin.logentry", "pk": 111, "fields": {"action_time": "2020-10-20T12:38:41.533", "user": 2, "content_type": 6, "object_id": "59", "object_repr": "transaction object (59)", "action_flag": 3, "change_message": ""}}, {"model": "admin.logentry", "pk": 112, "fields": {"action_time": "2020-10-20T12:38:41.605", "user": 2, "content_type": 6, "object_id": "58", "object_repr": "transaction object (58)", "action_flag": 3, "change_message": ""}}, {"model": "admin.logentry", "pk": 113, "fields": {"action_time": "2020-10-20T12:38:41.694", "user": 2, "content_type": 6, "object_id": "57", "object_repr": "transaction object (57)", "action_flag": 3, "change_message": ""}}, {"model": "admin.logentry", "pk": 114, "fields": {"action_time": "2020-10-20T12:38:41.762", "user": 2, "content_type": 6, "object_id": "56", "object_repr": "transaction object (56)", "action_flag": 3, "change_message": ""}}, {"model": "admin.logentry", "pk": 115, "fields": {"action_time": "2020-10-20T12:38:41.854", "user": 2, "content_type": 6, "object_id": "55", "object_repr": "transaction object (55)", "action_flag": 3, "change_message": ""}}, {"model": "admin.logentry", "pk": 116, "fields": {"action_time": "2020-10-20T12:38:41.932", "user": 2, "content_type": 6, "object_id": "54", "object_repr": "transaction object (54)", "action_flag": 3, "change_message": ""}}, {"model": "admin.logentry", "pk": 117, "fields": {"action_time": "2020-10-20T12:38:42.003", "user": 2, "content_type": 6, "object_id": "53", "object_repr": "transaction object (53)", "action_flag": 3, "change_message": ""}}, {"model": "admin.logentry", "pk": 118, "fields": {"action_time": "2020-10-20T12:38:42.084", "user": 2, "content_type": 6, "object_id": "52", "object_repr": "transaction object (52)", "action_flag": 3, "change_message": ""}}, {"model": "admin.logentry", "pk": 119, "fields": {"action_time": "2020-10-20T12:38:42.191", "user": 2, "content_type": 6, "object_id": "51", "object_repr": "transaction object (51)", "action_flag": 3, "change_message": ""}}, {"model": "admin.logentry", "pk": 120, "fields": {"action_time": "2020-10-20T12:38:42.262", "user": 2, "content_type": 6, "object_id": "50", "object_repr": "transaction object (50)", "action_flag": 3, "change_message": ""}}, {"model": "admin.logentry", "pk": 121, "fields": {"action_time": "2020-10-20T12:38:42.334", "user": 2, "content_type": 6, "object_id": "49", "object_repr": "transaction object (49)", "action_flag": 3, "change_message": ""}}, {"model": "admin.logentry", "pk": 122, "fields": {"action_time": "2020-10-20T12:38:42.403", "user": 2, "content_type": 6, "object_id": "48", "object_repr": "transaction object (48)", "action_flag": 3, "change_message": ""}}, {"model": "admin.logentry", "pk": 123, "fields": {"action_time": "2020-10-20T12:38:42.466", "user": 2, "content_type": 6, "object_id": "47", "object_repr": "transaction object (47)", "action_flag": 3, "change_message": ""}}, {"model": "admin.logentry", "pk": 124, "fields": {"action_time": "2020-10-20T12:38:42.538", "user": 2, "content_type": 6, "object_id": "46", "object_repr": "transaction object (46)", "action_flag": 3, "change_message": ""}}, {"model": "admin.logentry", "pk": 125, "fields": {"action_time": "2020-10-20T12:38:42.610", "user": 2, "content_type": 6, "object_id": "45", "object_repr": "transaction object (45)", "action_flag": 3, "change_message": ""}}, {"model": "admin.logentry", "pk": 126, "fields": {"action_time": "2020-10-20T12:38:42.674", "user": 2, "content_type": 6, "object_id": "44", "object_repr": "transaction object (44)", "action_flag": 3, "change_message": ""}}, {"model": "admin.logentry", "pk": 127, "fields": {"action_time": "2020-10-20T12:38:42.748", "user": 2, "content_type": 6, "object_id": "43", "object_repr": "transaction object (43)", "action_flag": 3, "change_message": ""}}, {"model": "admin.logentry", "pk": 128, "fields": {"action_time": "2020-10-20T12:38:42.819", "user": 2, "content_type": 6, "object_id": "42", "object_repr": "transaction object (42)", "action_flag": 3, "change_message": ""}}, {"model": "admin.logentry", "pk": 129, "fields": {"action_time": "2020-10-20T12:38:42.886", "user": 2, "content_type": 6, "object_id": "41", "object_repr": "transaction object (41)", "action_flag": 3, "change_message": ""}}, {"model": "admin.logentry", "pk": 130, "fields": {"action_time": "2020-10-20T12:38:42.952", "user": 2, "content_type": 6, "object_id": "40", "object_repr": "transaction object (40)", "action_flag": 3, "change_message": ""}}, {"model": "admin.logentry", "pk": 131, "fields": {"action_time": "2020-10-20T12:38:43.022", "user": 2, "content_type": 6, "object_id": "39", "object_repr": "transaction object (39)", "action_flag": 3, "change_message": ""}}, {"model": "admin.logentry", "pk": 132, "fields": {"action_time": "2020-10-20T12:38:43.095", "user": 2, "content_type": 6, "object_id": "38", "object_repr": "transaction object (38)", "action_flag": 3, "change_message": ""}}, {"model": "admin.logentry", "pk": 133, "fields": {"action_time": "2020-10-20T12:38:43.169", "user": 2, "content_type": 6, "object_id": "37", "object_repr": "transaction object (37)", "action_flag": 3, "change_message": ""}}, {"model": "admin.logentry", "pk": 134, "fields": {"action_time": "2020-10-20T12:38:43.233", "user": 2, "content_type": 6, "object_id": "36", "object_repr": "transaction object (36)", "action_flag": 3, "change_message": ""}}, {"model": "admin.logentry", "pk": 135, "fields": {"action_time": "2020-10-20T12:38:43.304", "user": 2, "content_type": 6, "object_id": "35", "object_repr": "transaction object (35)", "action_flag": 3, "change_message": ""}}, {"model": "auth.permission", "pk": 1, "fields": {"name": "Can add sah_area_manager", "content_type": 1, "codename": "add_sah_area_manager"}}, {"model": "auth.permission", "pk": 2, "fields": {"name": "Can change sah_area_manager", "content_type": 1, "codename": "change_sah_area_manager"}}, {"model": "auth.permission", "pk": 3, "fields": {"name": "Can delete sah_area_manager", "content_type": 1, "codename": "delete_sah_area_manager"}}, {"model": "auth.permission", "pk": 4, "fields": {"name": "Can view sah_area_manager", "content_type": 1, "codename": "view_sah_area_manager"}}, {"model": "auth.permission", "pk": 5, "fields": {"name": "Can add sah_service_provider", "content_type": 2, "codename": "add_sah_service_provider"}}, {"model": "auth.permission", "pk": 6, "fields": {"name": "Can change sah_service_provider", "content_type": 2, "codename": "change_sah_service_provider"}}, {"model": "auth.permission", "pk": 7, "fields": {"name": "Can delete sah_service_provider", "content_type": 2, "codename": "delete_sah_service_provider"}}, {"model": "auth.permission", "pk": 8, "fields": {"name": "Can view sah_service_provider", "content_type": 2, "codename": "view_sah_service_provider"}}, {"model": "auth.permission", "pk": 9, "fields": {"name": "Can add sah_user", "content_type": 3, "codename": "add_sah_user"}}, {"model": "auth.permission", "pk": 10, "fields": {"name": "Can change sah_user", "content_type": 3, "codename": "change_sah_user"}}, {"model": "auth.permission", "pk": 11, "fields": {"name": "Can delete sah_user", "content_type": 3, "codename": "delete_sah_user"}}, {"model": "auth.permission", "pk": 12, "fields": {"name": "Can view sah_user", "content_type": 3, "codename": "view_sah_user"}}, {"model": "auth.permission", "pk": 13, "fields": {"name": "Can add schedular_flag", "content_type": 4, "codename": "add_schedular_flag"}}, {"model": "auth.permission", "pk": 14, "fields": {"name": "Can change schedular_flag", "content_type": 4, "codename": "change_schedular_flag"}}, {"model": "auth.permission", "pk": 15, "fields": {"name": "Can delete schedular_flag", "content_type": 4, "codename": "delete_schedular_flag"}}, {"model": "auth.permission", "pk": 16, "fields": {"name": "Can view schedular_flag", "content_type": 4, "codename": "view_schedular_flag"}}, {"model": "auth.permission", "pk": 17, "fields": {"name": "Can add user_wallet", "content_type": 5, "codename": "add_user_wallet"}}, {"model": "auth.permission", "pk": 18, "fields": {"name": "Can change user_wallet", "content_type": 5, "codename": "change_user_wallet"}}, {"model": "auth.permission", "pk": 19, "fields": {"name": "Can delete user_wallet", "content_type": 5, "codename": "delete_user_wallet"}}, {"model": "auth.permission", "pk": 20, "fields": {"name": "Can view user_wallet", "content_type": 5, "codename": "view_user_wallet"}}, {"model": "auth.permission", "pk": 21, "fields": {"name": "Can add transaction", "content_type": 6, "codename": "add_transaction"}}, {"model": "auth.permission", "pk": 22, "fields": {"name": "Can change transaction", "content_type": 6, "codename": "change_transaction"}}, {"model": "auth.permission", "pk": 23, "fields": {"name": "Can delete transaction", "content_type": 6, "codename": "delete_transaction"}}, {"model": "auth.permission", "pk": 24, "fields": {"name": "Can view transaction", "content_type": 6, "codename": "view_transaction"}}, {"model": "auth.permission", "pk": 25, "fields": {"name": "Can add service", "content_type": 7, "codename": "add_service"}}, {"model": "auth.permission", "pk": 26, "fields": {"name": "Can change service", "content_type": 7, "codename": "change_service"}}, {"model": "auth.permission", "pk": 27, "fields": {"name": "Can delete service", "content_type": 7, "codename": "delete_service"}}, {"model": "auth.permission", "pk": 28, "fields": {"name": "Can view service", "content_type": 7, "codename": "view_service"}}, {"model": "auth.permission", "pk": 29, "fields": {"name": "Can add otp_authentication", "content_type": 8, "codename": "add_otp_authentication"}}, {"model": "auth.permission", "pk": 30, "fields": {"name": "Can change otp_authentication", "content_type": 8, "codename": "change_otp_authentication"}}, {"model": "auth.permission", "pk": 31, "fields": {"name": "Can delete otp_authentication", "content_type": 8, "codename": "delete_otp_authentication"}}, {"model": "auth.permission", "pk": 32, "fields": {"name": "Can view otp_authentication", "content_type": 8, "codename": "view_otp_authentication"}}, {"model": "auth.permission", "pk": 33, "fields": {"name": "Can add log entry", "content_type": 9, "codename": "add_logentry"}}, {"model": "auth.permission", "pk": 34, "fields": {"name": "Can change log entry", "content_type": 9, "codename": "change_logentry"}}, {"model": "auth.permission", "pk": 35, "fields": {"name": "Can delete log entry", "content_type": 9, "codename": "delete_logentry"}}, {"model": "auth.permission", "pk": 36, "fields": {"name": "Can view log entry", "content_type": 9, "codename": "view_logentry"}}, {"model": "auth.permission", "pk": 37, "fields": {"name": "Can add permission", "content_type": 10, "codename": "add_permission"}}, {"model": "auth.permission", "pk": 38, "fields": {"name": "Can change permission", "content_type": 10, "codename": "change_permission"}}, {"model": "auth.permission", "pk": 39, "fields": {"name": "Can delete permission", "content_type": 10, "codename": "delete_permission"}}, {"model": "auth.permission", "pk": 40, "fields": {"name": "Can view permission", "content_type": 10, "codename": "view_permission"}}, {"model": "auth.permission", "pk": 41, "fields": {"name": "Can add group", "content_type": 11, "codename": "add_group"}}, {"model": "auth.permission", "pk": 42, "fields": {"name": "Can change group", "content_type": 11, "codename": "change_group"}}, {"model": "auth.permission", "pk": 43, "fields": {"name": "Can delete group", "content_type": 11, "codename": "delete_group"}}, {"model": "auth.permission", "pk": 44, "fields": {"name": "Can view group", "content_type": 11, "codename": "view_group"}}, {"model": "auth.permission", "pk": 45, "fields": {"name": "Can add user", "content_type": 12, "codename": "add_user"}}, {"model": "auth.permission", "pk": 46, "fields": {"name": "Can change user", "content_type": 12, "codename": "change_user"}}, {"model": "auth.permission", "pk": 47, "fields": {"name": "Can delete user", "content_type": 12, "codename": "delete_user"}}, {"model": "auth.permission", "pk": 48, "fields": {"name": "Can view user", "content_type": 12, "codename": "view_user"}}, {"model": "auth.permission", "pk": 49, "fields": {"name": "Can add content type", "content_type": 13, "codename": "add_contenttype"}}, {"model": "auth.permission", "pk": 50, "fields": {"name": "Can change content type", "content_type": 13, "codename": "change_contenttype"}}, {"model": "auth.permission", "pk": 51, "fields": {"name": "Can delete content type", "content_type": 13, "codename": "delete_contenttype"}}, {"model": "auth.permission", "pk": 52, "fields": {"name": "Can view content type", "content_type": 13, "codename": "view_contenttype"}}, {"model": "auth.permission", "pk": 53, "fields": {"name": "Can add session", "content_type": 14, "codename": "add_session"}}, {"model": "auth.permission", "pk": 54, "fields": {"name": "Can change session", "content_type": 14, "codename": "change_session"}}, {"model": "auth.permission", "pk": 55, "fields": {"name": "Can delete session", "content_type": 14, "codename": "delete_session"}}, {"model": "auth.permission", "pk": 56, "fields": {"name": "Can view session", "content_type": 14, "codename": "view_session"}}, {"model": "auth.permission", "pk": 57, "fields": {"name": "Can add state_list", "content_type": 15, "codename": "add_state_list"}}, {"model": "auth.permission", "pk": 58, "fields": {"name": "Can change state_list", "content_type": 15, "codename": "change_state_list"}}, {"model": "auth.permission", "pk": 59, "fields": {"name": "Can delete state_list", "content_type": 15, "codename": "delete_state_list"}}, {"model": "auth.permission", "pk": 60, "fields": {"name": "Can view state_list", "content_type": 15, "codename": "view_state_list"}}, {"model": "auth.permission", "pk": 61, "fields": {"name": "Can add district_lsit", "content_type": 16, "codename": "add_district_lsit"}}, {"model": "auth.permission", "pk": 62, "fields": {"name": "Can change district_lsit", "content_type": 16, "codename": "change_district_lsit"}}, {"model": "auth.permission", "pk": 63, "fields": {"name": "Can delete district_lsit", "content_type": 16, "codename": "delete_district_lsit"}}, {"model": "auth.permission", "pk": 64, "fields": {"name": "Can view district_lsit", "content_type": 16, "codename": "view_district_lsit"}}, {"model": "auth.permission", "pk": 65, "fields": {"name": "Can add cartlist", "content_type": 17, "codename": "add_cartlist"}}, {"model": "auth.permission", "pk": 66, "fields": {"name": "Can change cartlist", "content_type": 17, "codename": "change_cartlist"}}, {"model": "auth.permission", "pk": 67, "fields": {"name": "Can delete cartlist", "content_type": 17, "codename": "delete_cartlist"}}, {"model": "auth.permission", "pk": 68, "fields": {"name": "Can view cartlist", "content_type": 17, "codename": "view_cartlist"}}, {"model": "auth.permission", "pk": 69, "fields": {"name": "Can add contact_us", "content_type": 18, "codename": "add_contact_us"}}, {"model": "auth.permission", "pk": 70, "fields": {"name": "Can change contact_us", "content_type": 18, "codename": "change_contact_us"}}, {"model": "auth.permission", "pk": 71, "fields": {"name": "Can delete contact_us", "content_type": 18, "codename": "delete_contact_us"}}, {"model": "auth.permission", "pk": 72, "fields": {"name": "Can view contact_us", "content_type": 18, "codename": "view_contact_us"}}, {"model": "auth.permission", "pk": 73, "fields": {"name": "Can add sah_admin", "content_type": 19, "codename": "add_sah_admin"}}, {"model": "auth.permission", "pk": 74, "fields": {"name": "Can change sah_admin", "content_type": 19, "codename": "change_sah_admin"}}, {"model": "auth.permission", "pk": 75, "fields": {"name": "Can delete sah_admin", "content_type": 19, "codename": "delete_sah_admin"}}, {"model": "auth.permission", "pk": 76, "fields": {"name": "Can view sah_admin", "content_type": 19, "codename": "view_sah_admin"}}, {"model": "auth.permission", "pk": 77, "fields": {"name": "Can add district_list", "content_type": 16, "codename": "add_district_list"}}, {"model": "auth.permission", "pk": 78, "fields": {"name": "Can change district_list", "content_type": 16, "codename": "change_district_list"}}, {"model": "auth.permission", "pk": 79, "fields": {"name": "Can delete district_list", "content_type": 16, "codename": "delete_district_list"}}, {"model": "auth.permission", "pk": 80, "fields": {"name": "Can view district_list", "content_type": 16, "codename": "view_district_list"}}, {"model": "auth.user", "pk": 2, "fields": {"password": "pbkdf2_sha256$216000$SpwtgrNl6jsu$CBIqNvoi81Uf5AeJbjgjICzp5wb5v7zfXdFuT3gTCRA=", "last_login": "2020-10-21T17:14:24.334", "is_superuser": true, "username": "sayapy@saya", "first_name": "", "last_name": "", "email": "lalitpatidar211999@gmail.com", "is_staff": true, "is_active": true, "date_joined": "2020-10-18T20:45:36.503", "groups": [], "user_permissions": []}}, {"model": "contenttypes.contenttype", "pk": 1, "fields": {"app_label": "Sah_User", "model": "sah_area_manager"}}, {"model": "contenttypes.contenttype", "pk": 2, "fields": {"app_label": "Sah_User", "model": "sah_service_provider"}}, {"model": "contenttypes.contenttype", "pk": 3, "fields": {"app_label": "Sah_User", "model": "sah_user"}}, {"model": "contenttypes.contenttype", "pk": 4, "fields": {"app_label": "Sah_User", "model": "schedular_flag"}}, {"model": "contenttypes.contenttype", "pk": 5, "fields": {"app_label": "Sah_User", "model": "user_wallet"}}, {"model": "contenttypes.contenttype", "pk": 6, "fields": {"app_label": "Sah_User", "model": "transaction"}}, {"model": "contenttypes.contenttype", "pk": 7, "fields": {"app_label": "Sah_User", "model": "service"}}, {"model": "contenttypes.contenttype", "pk": 8, "fields": {"app_label": "Sah_User", "model": "otp_authentication"}}, {"model": "contenttypes.contenttype", "pk": 9, "fields": {"app_label": "admin", "model": "logentry"}}, {"model": "contenttypes.contenttype", "pk": 10, "fields": {"app_label": "auth", "model": "permission"}}, {"model": "contenttypes.contenttype", "pk": 11, "fields": {"app_label": "auth", "model": "group"}}, {"model": "contenttypes.contenttype", "pk": 12, "fields": {"app_label": "auth", "model": "user"}}, {"model": "contenttypes.contenttype", "pk": 13, "fields": {"app_label": "contenttypes", "model": "contenttype"}}, {"model": "contenttypes.contenttype", "pk": 14, "fields": {"app_label": "sessions", "model": "session"}}, {"model": "contenttypes.contenttype", "pk": 15, "fields": {"app_label": "Sah_User", "model": "state_list"}}, {"model": "contenttypes.contenttype", "pk": 16, "fields": {"app_label": "Sah_User", "model": "district_list"}}, {"model": "contenttypes.contenttype", "pk": 17, "fields": {"app_label": "Sah_User", "model": "cartlist"}}, {"model": "contenttypes.contenttype", "pk": 18, "fields": {"app_label": "Sah_User", "model": "contact_us"}}, {"model": "contenttypes.contenttype", "pk": 19, "fields": {"app_label": "Sah_User", "model": "sah_admin"}}, {"model": "sessions.session", "pk": "26nqoc82ke9tjnm9hg0ektvth4glya0j", "fields": {"session_data": ".eJxtjssOgjAURP-la0PoC4tLE5f9BnL7kiq2BsrK-O9CBCLgbu7MnMl9oQr6VFd9Z9vKG3RCGB1-PQX6bsMYmBuEa8x0DKn1Khsr2ZR2mYzGNuepuxqooasHmlAGQpcFo0fsOFZM5MZgXpCcUsCcY5pr7YjRnGCwXCghGOXKspKSnEExjF6WJ0PfNPNtH-CbtRXgYWdHbiC5h-QO2jB7ZEeEmLzzGpKPYXnmn-mes9Lpq94fsQyD3w:1kSjIm:kJeVozuF9nWUUaQrMEYhlA1FXMEIIRev-V7I3rZtWhQ", "expire_date": "2020-10-28T21:36:56.490"}}, {"model": "sessions.session", "pk": "504tl0wo1a4g5ccj5jkr8ezmuijez4d5", "fields": {"session_data": ".eJxlj8kOgjAQht-lZ0O6YuvJmHjkGch0AaqlmAIn47sLEYjicf4t3zxRCePQlGPvUuktOiGCDt-aBnN3cTbsDWLdZaaLQ_I6myPZ4vZZ0VkXLkv2Z6CBvpnalHGQRuWcHUkliOYSW0tETjFjQIQgDBtTUWsEJeCE1FJyJrTjilHMIZ9GN8Y4hrCcrgUffpQIrVuF61Zh67EUUIDghwcM3kKiSqlzPRvTdy1ao58lpCFpl-gkFzuC4h-h2DG83gh5dgQ:1kPoy8:9WPK26t9mu46--Ha-4GAcN1OV314CKorS1mBqxPznIg", "expire_date": "2020-10-20T15:33:36.067"}}, {"model": "sessions.session", "pk": "598zb4mvvywgx5td4x0u02j2pyjagkhh", "fields": {"session_data": ".eJyrVnItLU4tis9MUbIy14FyUnMTM3OUrJQSk5Id0kFsveT8XCWYbF5ibipQ0iU1VakWAKjpFRQ:1kUY7O:8e894Q49KcevikKRMn09Burh35mj0JVJmnb7EvuzZOM", "expire_date": "2020-11-02T22:04:42.178"}}, {"model": "sessions.session", "pk": "5m3hds2obqe0yfbfyn6hd14roow27oep", "fields": {"session_data": ".eJxdj0kOwjAMRe-SNariDCVhhdhzhsoZSgNpijosEOLupNAiYOn_n5_sO0HXhlQFR3awWQbfYohkRyLGMF5xDA57BqC13p_mqrBdS1b44m8ZpVptSyk4g1xUOI1NNQ2-f3nJX2bQXnyaC3fGdOqyLo19MMWMFEs7FMfO-XhY2B9Bg0OTtxkXqKwuBd9CLcEIRZ0DWTLKOYKUwKm1NXNWMkAvlVFKcGm80JxRgWWWHj9HpinGdV7-_44Stv6dPJ5N-2OJ:1kT3tY:1pahfcRkAdO4kIm12qMIts8fv3GGA6RbTJxdcUFi4Mo", "expire_date": "2020-10-29T19:36:16.346"}}, {"model": "sessions.session", "pk": "5uv1jnc9qx2sg370a8dk73zwq4dqobqw", "fields": {"session_data": ".eJyrViotTi2Kz0xRsjLRgbBTcxMzc5SslHISHdJBTL3k_FwlqFxeYm4qWCons0SpFgCI5RTx:1kSBSq:ekvOYmScFhiXjgAr83m2v2ptVMGAWK1ucixKgoPZlPU", "expire_date": "2020-10-27T03:59:04.401"}}, {"model": "sessions.session", "pk": "6ty11dtbds5689aqm8ujtxc1c2zxjmt9", "fields": {"session_data": ".eJxVjMsOgjAQRf-la9N02g4WVoa930CmD6BaSsJjZfx3QYkJu7n33Dkvts5haqJnFV5-dxgoJlaxRBJu3R64Gwd20ExD-MIUl61raF365u9gcO4suWfIO_APyt24mfIyRcv3CT_ozO-jD6k-tidBT3O_fUulybiy0OoKLYLVRngPWEihFAEiKOFcK71DCRTQWGO0Qht0qaTQVLD3B_2BSyA:1kRvlj:9x8eIUqaKx8ic0r5y92Sdc6rszZrZdz5h0XCtMzGypA", "expire_date": "2020-10-26T11:13:31.728"}}, {"model": "sessions.session", "pk": "8lu3x9pj1z3ittjjwp3t3z99ekjyywjl", "fields": {"session_data": ".eJyrVvItLU4tis9MUbIyNNSB8lJzEzNzlKyUihKzEkuyEjPzTAxNDA0c0kHCesn5uUowhXmJualAdUEgdQpeQIVKtQByFxtl:1kVAfG:YyW3NVxzRT9hipkTuPZ3T50KXdQ6WOxDZgY132dSlEw", "expire_date": "2020-11-04T15:14:14.977"}}, {"model": "sessions.session", "pk": "8m5op0qpyxs3ewp2el2gps3ipxqd9gda", "fields": {"session_data": ".eJxVjMEOwiAQRP-FsyFly1L06N1vIMuylaqhSWlPxn-XJj3ocea9mbcKtK05bFWWMCV1UaBOv10kfkrZQXpQuc-a57IuU9S7og9a9W1O8roe7t9Bpprb2rFHA8Z76wGpZ6DRRhc9WgFM1J1tx4hGMI7IfTPFEXpwLQ0W0qA-X8AyNw4:1kV8Sw:P7MxaCBx39XCnbDkkTPa7Leyzzs16g7ct7I7ypsqaNM", "expire_date": "2020-11-04T12:53:22.421"}}, {"model": "sessions.session", "pk": "8tz63pfl9buwtwdbgkr53dppry2i7epn", "fields": {"session_data": ".eJxVjssOwiAQRf-FtSHAQKWujHu_oRlg2qKUJn2sjP8uNdXo7mbumZP7YA2uS9-sM01NDOzEJDv83hz6O-WtCDfM3cj9mJcpOr4hfG9nfh0DpcvO_gl6nPvyrUCj9XWl4ShbI522IgRpKiUAUBojQXjfquCNkkjGOms1GEe6BiU0VkX63aj3TAPGVNwJz90Wy7bhw2Uc6F2luLDnC9XdSrw:1kQ5nZ:8RHXg6pgBU_XkJNA8y362ZSLLt1loOuH3Qy8Du4rn9Y", "expire_date": "2020-10-21T09:31:49.963"}}, {"model": "sessions.session", "pk": "96f6scusb7xmudem3z9mth3l46hon4r8", "fields": {"session_data": ".eJyrViotTi2Kz0xRsjI01IFwUnMTM3OUrJSKE8sS8_ISM0yNHLLKcjKTU_OKU4v1kvNzlaAK8xJzU4HqQgOUagGPBRjE:1kURjG:tO2EjWfeAGjgyaPnCir9RhkDVm45e9DcT5q0CHLr-_c", "expire_date": "2020-11-02T15:15:22.291"}}, {"model": "sessions.session", "pk": "9aajsoru3pgekt2gek9nt1dt1bnu1d39", "fields": {"session_data": ".eJxlj81qwzAQhJ-l6rWYSNbKck4hkKOfwax-EquR5OAfaCl598jBDo193Jlvhp0_gia4WDtD9vRrPmxA58meePRuuOHgDHaM0rIsD5fJynQbyAJf7W9Cf4IvBPCc0c_DR_JOY2-7Z2scvV_uufi_FDHYRalxHJr6lSSMvGkK9dXGyTDfGC9teiMOnVPZhGSz22dVa6w_zuxbQYN9k9JCS6CMSsklA8w1wzNXQkngloHBXcl3GoBaUGfQeSKtQJBMpKvgzBSpdLVuO26zrVpFqm2mWoXuDyvtigA:1kVAQZ:KytHBigVzJzaYuR9Mm5F-dBRwRRH_v3Monr18sQRLDo", "expire_date": "2020-11-04T14:59:03.412"}}, {"model": "sessions.session", "pk": "du1xktdztksl2qe7o1isytz29sywro19", "fields": {"session_data": ".eJx1jssOgjAQRf-FtSHMtMXWlTFxyTeQ6UOp8jAFV8Z_txhAiXHXuY_T-0hKug9Vee9dKL1Ndgkkm29Nk7m6djTshdpzl5quHYLX6RhJJ7dPi866-jBlV4CK-iq2kXGSRuWcbeEkQHOZWQsix4wxAiGAZcac0BqBQE5ILSVnQjuuGGac8gg9LiNxPlxDvo70mmo_3GjwlgICKKX259GKa5ul2VLjYlZT0C5glBeemN4fHMIK8N1__xW1YqnDfPyZ87On-OU9X3qxgK4:1kQ8z4:QJvhznui8L24gNIvDE7yv5Qsn3nN7l7c4sXpkbf4dYA", "expire_date": "2020-10-21T12:55:54.732"}}, {"model": "sessions.session", "pk": "f8qifg4p1xxsw0j3s9yjpuiw4phb90ng", "fields": {"session_data": ".eJyrVnItLU4tis9MUbLKK83J0YHyU3MTM3NQhfISc1NhIr5omnwxNfmiaaoFAA8HJoE:1kPox2:RIl8IVW0SFzMf-GDe7EM20XeLudyFDfbRhbq6yVaBxU", "expire_date": "2020-10-20T15:32:28.667"}}, {"model": "sessions.session", "pk": "g6fu0p7864gdyar9olfqlapdycew0ckf", "fields": {"session_data": ".eJyrViotTi2Kz0xRssorzcnRgXBTcxMzc1BE8hJzUyECtQDkdBLM:1kUtEQ:gVEfO3N1t-zsVCprJI4bKhUcI9fpbyLMrgukf32EtoE", "expire_date": "2020-11-03T20:37:22.055"}}, {"model": "sessions.session", "pk": "htnivowhp8ujbzsx5xj6lkp6c7125p56", "fields": {"session_data": ".eJyrVnItLU4tis9MUbLKK83J0YHyU3MTM3NQhfISc1NhIr5omnwxNfmiaaoFAA8HJoE:1kUP3k:nDXF0wzgHNazbdobMOi96T9JMXlCwMCZCnn5zb4_tkI", "expire_date": "2020-11-02T12:24:20.814"}}, {"model": "sessions.session", "pk": "j2jfjqzps5tdo5gw2uw9sw1lss0oglyr", "fields": {"session_data": ".eJyrViotTi2Kz0xRssorzcnRgXBTcxMzc1BE8hJzUyECtQDkdBLM:1kUuCV:-YnKomtM77Girx8SCLNcES-uEg2SNUBGyO3MeObXS90", "expire_date": "2020-11-03T21:39:27.920"}}, {"model": "sessions.session", "pk": "ji10k7uti43z2ti7v4vzcw8tsu0dk1rn", "fields": {"session_data": ".eJyrViotTi2Kz0xRsjI00IFwUnMTM3OUrMAch3QQRy85P1cJKpuXmJsKlTQEivnC9eeV5uTA-FAjkIUg-iAirmiaXDE1uaJpqgUAm0M7ng:1kUmqn:OxSlIC9jKCuFr1MZs27NV4DXcxgCaehOxltehOxcjE8", "expire_date": "2020-11-03T13:48:33.172"}}, {"model": "sessions.session", "pk": "juotf3j135zknh2rkx4bqnnyof4d7u3a", "fields": {"session_data": ".eJyrViotTi2Kz0xRsjLVgbBTcxMzc5SslHISjQwd0kEcveT8XCWobF5ibipYMiezBCjmC9duCOMg9AOVFCSWZKYkFhkZGhpaWlqiGOeLaV4tAHtlL_s:1kQ5kX:DgiFd8eaKk16MIwW5xK9UeTUBkSyX-cEs3VwWjMOIgQ", "expire_date": "2020-10-21T09:28:41.993"}}, {"model": "sessions.session", "pk": "kbfx1dt351tnwwsqdhm56z8t0bflxn3y", "fields": {"session_data": ".eJyrViotTi2Kz0xRsjI00oFwUnMTM3OUrJRKUotLDA2NHNJTS_ISUxL1kvNzlaBK8hJzU4EqQoAqlGoBGEcW-w:1kURmQ:AhGuElQxIrSDdUhba8mA0OmInYwIPZwrv8xrEPMjlWA", "expire_date": "2020-11-02T15:18:38.448"}}, {"model": "sessions.session", "pk": "nqh3ofjpsk4xraytl7ndcqo6jm0ngf0r", "fields": {"session_data": ".eJxVjskOgjAURf-la9N0xOLKuOcbyOsAVEtJGFbGf7fVQnT33rlD7hO1sK1Duy1ubr1FF0TR6ZdpMA8Xs2DvEPsJmymus9c4W3BRF9xM1oVb8f4VDLAMKc24AGXqSvAz7STVQhFrqawY4RyolJQTYzpmjWQUnFRaKcGldqLmjAioUumxUZbbjeBD6g7A6LXPT1o37s4Io_uIwa-JNUc8biHsf6n4Rd9cJq833LteBg:1kPMZt:wr4vDDKsx2rITJSKnBHpJfS-11yAu9tno9CvTTAHA4Y", "expire_date": "2020-10-19T09:14:41.183"}}, {"model": "sessions.session", "pk": "ojmye20e62ww9gpaowc14s57kt1lsk1c", "fields": {"session_data": ".eJxtj80OgjAQhN-lZ0O6_cHWkzHh6DOQ7Q9QhWIKnIzvLkQkknjbnZn9svMk0-BTGRw58cNn9h2GlpxIi20YHzgGh4nBuV7kzPYdWXMRO7_E0iyUOI1NuaEI7DWD9u7jYrgbxrqfMXFMwWRLJFvdIbv2zreXNbsDNDg08zXjApXVueBHqCQYoahzIHNGOUeQEji1tmLOSgbopTJKCS6NF5ozKjCfocX2JPsu_wuD1npXuvhtbTAZnxh5vQGmpmj8:1kQiPw:Xe9UN_O-PF2jYtoFTfwYGNSQCS50Sj4TEeis38CXo5M", "expire_date": "2020-10-23T02:46:00.449"}}, {"model": "sessions.session", "pk": "onieicbm2ele97bpd2c28robn2t0f91u", "fields": {"session_data": ".eJxtjssOgjAQRf-FtSFMH9i6MiYu-w1k-lCqpRgeK-O_WyIQNC7n3ntO5plVOA51Nfauq7zNDhlku22m0dxdnAp7w3htc9PGofM6nyb53Pa5aq0Lp3n7JaixrxNNKENhZMnoHi4cNBOFtcBLUlCKwDnQwpgLsYYTQMeFFoJRrh2TlBQMyyRV65OwHK5BH5I9YPDDAwdvsSMAIKU8XqcuvdusaMTGLeMUnldfHENY7lm5jT7cnKhfSv3B1A_3egOjQHfB:1kPS9v:t_K-vqz1aM4Mwo0_-JAqIhmp3vaprbeBrfr1tu3Ttec", "expire_date": "2020-10-19T15:12:15.299"}}, {"model": "sessions.session", "pk": "qhjuddyzhuqtxh1ydg2t9jyuvfo0nk3n", "fields": {"session_data": ".eJxVjMEOgjAQRP-lZ9PA0i3Vo3e_gWzbRdDSJkBPxn-3RDThOG_ezEvkhedu9OIScwinb-SJxnAgkSb-gY7yOnT_nQBxYJbck-NW-AfFe5IuxXUerdwUubeLvCXP4bq7h4OBlqGstTNYQ22MMoDUOKBeWW0NKgb0VJ1V5RBrRtuja4rJmtCALqlV4Fvx_gCX8kkN:1kVCXY:2ddHOT_lCn62fKJt2e6-PVT5-Ji7QOU9LZ8QlnkbD4I", "expire_date": "2020-11-04T17:14:24.394"}}, {"model": "sessions.session", "pk": "t54yaxqgiab2l553zl7r6f9aptomby8q", "fields": {"session_data": ".eJyrVvItLU4tis9MUbIyNNCB8lJzEzNzlKyUkhLTyxPzUjLLKhPzijNKHdJB4nrJ-blKMJV5ibmpQIUuMCUKTmAtQHlXuLl5pTk5MD7UZGQhiBEgkVoA8PUyZg:1kUt9o:rUCIsjatayKIq1SmVbVO1V7dfddWDxmiyBtKc8hHysA", "expire_date": "2020-11-03T20:32:36.350"}}, {"model": "sessions.session", "pk": "tfjmqa0uovlawl1536zyl1symf7cpon0", "fields": {"session_data": ".eJyrViotTi2Kz0xRsjI00IFwUnMTM3OUrMAch3QQRy85P1cJKpuXmJsKlTRUqgUAyYgV6g:1kURGN:AAVJ-b0i8UlK0tWzYLGSma7OunXhB3KuDdM0JVlLMMY", "expire_date": "2020-11-02T14:45:31.482"}}, {"model": "sessions.session", "pk": "u1f9gqxrilzpa36zdu5sdqtl6js3izir", "fields": {"session_data": ".eJyrVkpMyc3Mi89MUbIy1IFyUnMTM3OUrJRyEnMySwoSSzJTEouMDA0tLS0d0kFSesn5uUowxdmplUClBpYW5mamJsZGhkq1ALJhGtg:1kT1BA:c_ZsozfHqUFlvinNrxy81_7ieFr5shr95TGkfJD4A2Q", "expire_date": "2020-10-29T16:42:16.842"}}, {"model": "sessions.session", "pk": "uqlex65f7zc7ky9gwyrfg2nang96ezo0", "fields": {"session_data": ".eJxVjskOgjAQht-FsyFdsfVkTDzyDGS6INVSTIGT8d0tCgi3mX_5Zl5ZBePQVGNvY-VMdspwdthqCvTDhskwdwi3LtddGKJT-RTJZ7fPy85Yf5mzO0ADfZPahDIQWhaMHnHNsWICGYN5QRClgDnHFGldE6M5wWC5UEIwypVlkhLEoEjQ6_okXRbbgvOJ7sG74QmDMxCJlPJ8m4z0a7v2ArQ2JRVEZSNJ8krj8_yHEbwDbPvfS0kr13oYvV_2GbGVfr1JeX8AuNJ4jQ:1kSXNc:f1J5VK7k9z0HAJtOc45ykwHlN2htxd5H8ddHA_5X7Hg", "expire_date": "2020-10-28T03:23:08.802"}}, {"model": "sessions.session", "pk": "v638tgew0libeokt6l8j5btl34wppvgi", "fields": {"session_data": ".eJyrVvItLU4tis9MUbLKK83J0YHyU3MTM3NQhfISc1NhIq5wTWYwDlSHUm5icUlqkUM6iKuXnJ-rBFMA0Q-VB4ompuRm5oHNMIRxYGbkJOZklhQklmSmJBYZGRpaWlqimAdRnJ1aCVRakZtjbmZqYmxkqOygqFQLAImmRhw:1kUXO8:c-xkAL9X02V4kCtimzTwITgCnen906aCx2WC5vx2Jyo", "expire_date": "2020-11-02T21:17:56.656"}}, {"model": "sessions.session", "pk": "x1wslzbwt8g5wz7kii5oioi92sr2paof", "fields": {"session_data": ".eJyrViotTi2Kz0xRssorzcnRgXBTcxMzc1BE8hJzU2ECiSm5mXlIWiB8FD0QoezUSpiAL5o1vpj2-GJY5IqmyRVTkyuGprz8ksy0zOTEksz8PLgqTMFaAPiFWiI:1kTehW:X_9tidnnaBn7pgjhp9GPIOJYjH_40Yvgn0b2kauEi3g", "expire_date": "2020-10-31T10:54:18.432"}}, {"model": "sessions.session", "pk": "xq8bkppmezwnc31fp9coak57hy0t9hw2", "fields": {"session_data": ".eJyrVnItLU4tis9MUbLKK83J0YHyU3MTM3NQhfISc1NhIr5omnwxNfmiaaoFAA8HJoE:1kVAUv:nSG3WFN2bPhr3UCnQcQqAuhukYGEVW-JGamDd1g_vQk", "expire_date": "2020-11-04T15:03:33.568"}}, {"model": "sessions.session", "pk": "xquhh9qhabu9o2bep50a4n9kzbt70bac", "fields": {"session_data": ".eJyrViotTi2Kz0xRsjI00IFwUnMTM3OUrMAch3QQRy85P1cJKpuXmJsKlTRUqgUAyYgV6g:1kURFt:QvKPZgM2WNfKGkamALx0OEKR2VgHIJNMi7FX6JFn4Lo", "expire_date": "2020-11-02T14:45:01.077"}}, {"model": "sessions.session", "pk": "yvjiteb7qz64ae076e1xmm23hh1luqec", "fields": {"session_data": ".eJyrViotTi2Kz0xRsrLUgbBTcxMzc5SslHIqS0oMDQyMDB3SQSJ6yfm5SlAleYm5qSAViTmZJUq1ABb3Fuo:1kTibU:cbIi_iwcfaEKhW7ZLs14veDZssfdksrEnnplgrXp2Fw", "expire_date": "2020-10-31T15:04:20.701"}}, {"model": "sessions.session", "pk": "zb783a4xw0qymcgvd187qt022cfack5r", "fields": {"session_data": ".eJxlj8tuhCAUhp-ldDsxgoA4q0mTWfoM5giodAAbL0mbpu9eyIgdp8v_9nH4Rg2sy9Css54ao9AZEXR69FqQN-1joN7B92MmR79Mps1iJdvSOatHpe3b1j0ABpiHsOZSMEywEFQQBoUk0NGWt4JRTZiCvKK5ZAxr1nZMFqGpOTBBeFAlJaoM0P1GnG9COzA2wKO49FGE81yqenB6C3Hw6n1fJpH2Djz0T4j6kbEVgn3dKTyJP8q8PEGuR0jMgwvKGX__SRKJYcGa5QMWo2AiGFdVdeDdyzf9Faqfzpac0YLg18tLfMuPi-mMDOPRo7NfrT2h_97PLwkepZI:1kUkhm:D0I4FCqHuwAZPNHQuLczc42FVMrh4Eh747siC0qo34g", "expire_date": "2020-11-03T11:31:06.687"}}, {"model": "sessions.session", "pk": "zcg7u6h7ireyc55lve2gco52fkfs48fp", "fields": {"session_data": ".eJxVj0kOgzAMRe-SdYXIRENXVfecATkDkBJCxbCoqt69pAQEO_v5-8n-oBLmqSnn0Qyl1eiGMLocmQTVGh8G-gm-7hPV-2mwMgmRJE7HpOi1cY-YPQkaGJtlm1AGQuUZo1dccSyZSLXGPCMppYA5xzRVqiJacYLBcCGFYJRLw3JKUgbZIgXdWf8_0s_Obb3pwLozas17A_tfNNYxjhw4O71gshoGgu91wMtvHYo5D50JsWEBxW5ZpcXRdETrUiDfH3FVc38:1kTPyD:yw066IfcGj0Ay-9-MleeFDRTTdS1uENCr2nmESyW8Ko", "expire_date": "2020-10-30T19:10:33.309"}}, {"model": "sessions.session", "pk": "zl7nq26rwhgg4myeghfi9d1blxdp3w2g", "fields": {"session_data": ".eJxlkEsOgjAQhu_StSG0drCyMiYsOQOZtoMgUBKQhTHe3aKVgC6__5VOH2waaShqy1Ie7z5AHdYtS99wuswQmb5jwXXYUTC51wqcblWxjDCx1TSahtxs2Cu6S--X3G2odTRHouCOUd5bas8huxmocKx8OzEKuOBKSSUA90ZgKXWiFUgSYDE-ytgAcAJdgtn7JCUISiSeDlLYgx9F29Xu_Ug3te2Xw7FrqaH7V8iXw9a86eSrX_ko2U8p-y9lP6XnC9aHhGQ:1kUxkh:RtgsJc_NMXFHn0lrGEoDr5Z6jEkv-0hTvZVbm6GB4Ps", "expire_date": "2020-11-04T01:26:59.471"}}, {"model": "sessions.session", "pk": "zzril6ya5a0f9d7t3boudnsyjvgcoak2", "fields": {"session_data": ".eJxVj0sOwjAMRO-SNapqJykJK4TEkjNUzqc00A9Kywpxd1Iohe48nvHI78Hug49lcGwnN5_ZtxQatmMNIezPk8hs37LZ7aj1b7MJY9qVdB_rculgsN4ZslffTYa7UHfuU1M3xmCyKZLN7pCdeuebw5xdFdQ01OkauSBldSH4FioJRqjcOZAF5pwTSAk8t7ZCZyUCeamMUoJL44XmmAsqUulxeRK_4keaYG40BkcRAbTWK-7jP7ihaHxE9nwBBbBmCA:1kQUfN:0JSb6kDkGSa8psK2wcLO3Pu0q1jwUtnbBnx6pa_SDAM", "expire_date": "2020-10-22T12:05:01.664"}}]